Hilton,250,$50 off your stay 3 nights or more,-50,rebate_3plus,2017-08-01,2017-08-31
Marriott,250,5% off your stay,-5,pct,2017-08-01,2017-08-09
Days Inn,250,$20 off your stay,-20,rebate,2017-08-07,2017-08-15
Marriott,250,15% off your stay,-15,pct,2017-08-09,2017-08-31
Taj,300,$50 off your stay 3 nights or more,-50,rebate_3plus,2017-01-01,2017-12-31
Hotel Foobar,250,$50 off your stay 3 nights or more,-50,rebate_3plus,2016-03-01,2016-03-31
Hotel Foobar,250,5% off your stay,-5,pct,2016-03-01,2016-03-15
Hotel Foobar,250,$20 off your stay,-20,rebate,2016-03-07,2016-03-15
